Name,Mean,MeanLB,MeanUB,Stddev,StddevLB,StddevUB
lookup/10/10/ExprMap/,3.4862305482980968e-6,3.4826727182262802e-6,3.489945771017897e-6,1.2730246351470024e-8,1.0933907004932487e-8,1.4919913341431582e-8
lookup/10/10/Map/,3.737020318378598e-6,3.7353048175526717e-6,3.7385606959243094e-6,5.35005673956224e-9,4.570762483284278e-9,6.606645140743184e-9
lookup/10/10/HashMap/,5.205214901407836e-6,5.20223114909375e-6,5.208030740325277e-6,9.732177148806053e-9,8.110083359453532e-9,1.1648607574566871e-8
lookup/10/100/ExprMap/,1.9511979585847327e-5,1.950600943561453e-5,1.952852546814069e-5,3.1742248263856646e-8,9.452307881933318e-9,6.590246517703258e-8
lookup/10/100/Map/,1.9949005904438998e-5,1.9944992936851573e-5,1.9952574694904276e-5,1.3631127700763361e-8,1.0752493468716626e-8,1.6974187608070673e-8
lookup/10/100/HashMap/,3.408387952446658e-5,3.4072241421156864e-5,3.4095873168308285e-5,3.809829963636772e-8,3.072084492565124e-8,4.8563286764663276e-8
lookup/10/1000/ExprMap/,2.491722077277753e-4,2.491353940899385e-4,2.4921387387112035e-4,1.329214668820917e-7,1.1066537018322065e-7,1.657176151673262e-7
lookup/10/1000/Map/,2.455053917850218e-4,2.4546573375495e-4,2.455495825355307e-4,1.455044590029809e-7,1.2666189380079602e-7,1.6591472982159894e-7
lookup/10/1000/HashMap/,4.4892399739088554e-4,4.487750086922658e-4,4.49316129906468e-4,7.936262855527983e-7,2.4003515267793856e-7,1.6396951249485389e-6
lookup/10/10000/ExprMap/,2.7765374662310003e-3,2.7760471993816312e-3,2.7771903924666036e-3,1.8431256735696816e-6,1.4745348036974058e-6,2.4048025583918184e-6
lookup/10/10000/Map/,2.7288222811005743e-3,2.728400601422001e-3,2.729255510290448e-3,1.3631578608663959e-6,1.1114206923698527e-6,1.7752028759443366e-6
lookup/10/10000/HashMap/,4.89544977314315e-3,4.894653579989252e-3,4.8961862737042896e-3,2.3921337410526755e-6,1.935706494360265e-6,3.041803126247653e-6
lookup/100/10/ExprMap/,2.8664733650674556e-5,2.8658883538546022e-5,2.86697020611833e-5,1.8298138480353516e-8,1.4873151404608179e-8,2.3867948916472767e-8
lookup/100/10/Map/,4.068437141535993e-5,4.0675141768384845e-5,4.0699606890712514e-5,3.881751614993005e-8,2.7126857048127525e-8,6.575385917750838e-8
lookup/100/10/HashMap/,4.394478786942136e-5,4.3928089117163366e-5,4.395904744882041e-5,5.419999166414507e-8,4.589632737967311e-8,6.510052859118212e-8
lookup/100/100/ExprMap/,2.1337707546182624e-4,2.1334348751785397e-4,2.1341999804930348e-4,1.338523483665962e-7,1.0729136538203866e-7,1.8445957068066369e-7
lookup/100/100/Map/,2.313802158714232e-4,2.3132597894125873e-4,2.3142770107316602e-4,1.7041516913225897e-7,1.442279107238415e-7,2.1647164481033454e-7
lookup/100/100/HashMap/,3.837745027689944e-4,3.837179144055297e-4,3.8384394366098445e-4,2.1099668955730467e-7,1.7471737677211236e-7,2.8671106358976326e-7
lookup/100/1000/ExprMap/,2.655249037452813e-3,2.653544923494686e-3,2.657083919937719e-3,5.865061359265365e-6,5.165953580306227e-6,6.851933930249035e-6
lookup/100/1000/Map/,2.6370489489819164e-3,2.6366837437395907e-3,2.637465394089593e-3,1.309965060157971e-6,1.1003837548214246e-6,1.6743244079190813e-6
lookup/100/1000/HashMap/,4.737311256683472e-3,4.736234852628909e-3,4.738284079460474e-3,3.237439507240236e-6,2.820654502423536e-6,3.6996718048502022e-6
lookup/100/10000/ExprMap/,3.165937258840795e-2,3.1535588712730094e-2,3.200384998480159e-2,4.1944515084964886e-4,1.434327417990531e-4,8.240132751890196e-4
lookup/100/10000/Map/,3.145709898776457e-2,3.137685246852031e-2,3.164882293000709e-2,2.526772206075172e-4,1.2206764403889191e-4,4.449271092692027e-4
lookup/100/10000/HashMap/,5.405358997903424e-2,5.403191878165159e-2,5.4091354420954224e-2,5.317482461368285e-5,3.417872314243162e-5,7.709813538904573e-5
lookup/1000/10/ExprMap/,3.432620678395424e-4,3.4312722344667705e-4,3.434432963167169e-4,5.077050420496172e-7,3.950259105510159e-7,6.88750791370812e-7
lookup/1000/10/Map/,6.386929196027101e-4,6.385447587008681e-4,6.388698624887374e-4,5.499424182239525e-7,4.617149942548428e-7,6.96974226025443e-7
lookup/1000/10/HashMap/,4.6379701044974963e-4,4.636661667514104e-4,4.638950885885578e-4,3.9602288687804675e-7,3.234925568760523e-7,4.803072876203189e-7
lookup/1000/100/ExprMap/,2.2474107525169117e-3,2.2464489796372783e-3,2.249168252830328e-3,4.1460345371002565e-6,2.772919669224689e-6,6.4915026916884795e-6
lookup/1000/100/Map/,2.739012417200486e-3,2.7384174068929594e-3,2.7400142700327824e-3,2.581120937203333e-6,1.9001982121691193e-6,3.824860078504348e-6
lookup/1000/100/HashMap/,3.863849445919209e-3,3.8615215205625593e-3,3.865854952296356e-3,6.8731691328649485e-6,5.672264842847246e-6,9.03244674304294e-6
lookup/1000/1000/ExprMap/,3.0388919554806004e-2,3.0287794619904117e-2,3.0802445547931316e-2,3.4239930022219374e-4,1.6690192791425038e-4,5.863118687301882e-4
lookup/1000/1000/Map/,3.053037540787189e-2,3.0431008495118032e-2,3.081277997254874e-2,3.1406502657778374e-4,1.1881552661365902e-4,5.488455333246108e-4
lookup/1000/1000/HashMap/,5.0995956664213186e-2,5.090536054550081e-2,5.1234508811626764e-2,2.676411389415295e-4,1.030600419742284e-4,4.6234448024599245e-4
lookup/1000/10000/ExprMap/,0.3309620709034304,0.33078531051675475,0.3311127243936062,2.1804643286413617e-4,1.523388501909331e-4,2.802808084222941e-4
lookup/1000/10000/Map/,0.3320931011127929,0.33192423928529025,0.33241090044379235,2.884685803796551e-4,1.1093200105752148e-4,4.302426988994607e-4
lookup/1000/10000/HashMap/,0.5453599054987232,0.5452213203534484,0.5454753828234971,1.625227093188726e-4,7.958927502232926e-5,2.2814690500283296e-4
lookup/10000/10/ExprMap/,4.275480315837798e-3,4.273354924381351e-3,4.277943792437656e-3,7.342802427450018e-6,5.790598892523462e-6,9.330529626527837e-6
lookup/10000/10/Map/,9.792511054059101e-3,9.787844447117396e-3,9.797989652288789e-3,1.3560290052704462e-5,1.0703461482262283e-5,1.849173649504913e-5
lookup/10000/10/HashMap/,4.9348099081914076e-3,4.933993530647642e-3,4.935826713885503e-3,2.8207242274013863e-6,2.1758154513086574e-6,3.857306428363315e-6
lookup/10000/100/ExprMap/,2.726754977074077e-2,2.7238075997085633e-2,2.7320492387616108e-2,8.157278147296644e-5,4.818156906879995e-5,1.4082592313776978e-4
lookup/10000/100/Map/,3.922924924059078e-2,3.912522533947907e-2,3.96128037554395e-2,3.6082395723295016e-4,7.260580966195017e-5,6.699478471685039e-4
lookup/10000/100/HashMap/,4.161453002187058e-2,4.141881952801394e-2,4.1963349694149596e-2,4.961901173582084e-4,3.197175492261864e-4,7.546051858171283e-4
lookup/10000/1000/ExprMap/,0.35311747528612614,0.35267390916123986,0.3538872916251421,7.542016716205112e-4,2.6139715673760056e-5,9.340622562185691e-4
lookup/10000/1000/Map/,0.3501797418963785,0.3495748875817905,0.35064708604477346,6.548415242999247e-4,2.7502033238610557e-4,9.072068627243915e-4
lookup/10000/1000/HashMap/,0.5283907218448197,0.5282873075533038,0.5285646342672408,1.6564587519649757e-4,1.8008447033706894e-6,2.017171901521331e-4
lookup/10000/10000/ExprMap/,3.3072478043225906,3.306545613333583,3.3079499953115983,8.701552069629471e-4,4.3195361892389705e-4,1.1228635497779554e-3
lookup/10000/10000/Map/,3.3427134039035686,3.34230985166505,3.343057555379346,4.2445424029864784e-4,1.8748894870570352e-4,5.755825876307609e-4
lookup/10000/10000/HashMap/,5.427210099762306,5.42695152037777,5.427402725908905,2.548597718390368e-4,8.444860577583313e-5,3.4733817981434217e-4
lookup_app1/10/10/ExprMap/,6.226103766166707e-6,6.222889459944321e-6,6.2287867161899845e-6,1.030991734852672e-8,8.855732689553734e-9,1.2106974716632757e-8
lookup_app1/10/10/Map/,1.097970253377931e-5,1.0977204954954054e-5,1.0982810457216582e-5,9.23057923552153e-9,7.490508750845091e-9,1.0865908996287116e-8
lookup_app1/10/10/HashMap/,9.421676677913342e-6,9.418542358000907e-6,9.424965182313415e-6,1.1042256165179787e-8,9.298912281794663e-9,1.3435999091877712e-8
lookup_app1/10/100/ExprMap/,4.6057743129968724e-5,4.605061647012074e-5,4.606517041816625e-5,2.529905226123146e-8,2.0471640258060764e-8,3.125627394125612e-8
lookup_app1/10/100/Map/,8.869297005794013e-5,8.867202011448727e-5,8.872904324660265e-5,8.654159264115248e-8,4.954220264812979e-8,1.6549047265618867e-7
lookup_app1/10/100/HashMap/,7.465090885186036e-5,7.463560737624879e-5,7.466412085820058e-5,4.638482504911422e-8,3.798772410272802e-8,5.9253216732357885e-8
lookup_app1/10/1000/ExprMap/,5.269986254547148e-4,5.268672142996664e-4,5.271231285342013e-4,4.5031538158112204e-7,3.8464901956190507e-7,5.378241546291439e-7
lookup_app1/10/1000/Map/,9.279028776137828e-4,9.277290110993416e-4,9.280783658577878e-4,6.017780862904432e-7,5.172232485672723e-7,6.985581563330307e-7
lookup_app1/10/1000/HashMap/,9.114394360936546e-4,9.111502992185462e-4,9.117239428274067e-4,9.931213926062144e-7,8.694507276042267e-7,1.1969382922358389e-6
lookup_app1/10/10000/ExprMap/,5.480048598049819e-3,5.477216262339981e-3,5.48707054486698e-3,1.222597428265167e-5,6.587084614158783e-6,2.330052548332207e-5
lookup_app1/10/10000/Map/,9.53502001855674e-3,9.532437404046953e-3,9.538333938370017e-3,7.622866005790958e-6,5.595747717488368e-6,1.1072386605974253e-5
lookup_app1/10/10000/HashMap/,9.700890350978012e-3,9.685575650073028e-3,9.72081133804582e-3,4.737085124855769e-5,3.6645135632871056e-5,6.797265237417346e-5
lookup_app1/100/10/ExprMap/,5.6425437362379775e-5,5.641288275896779e-5,5.643768747997603e-5,4.0880718171929626e-8,3.612106431223086e-8,4.802571107225641e-8
lookup_app1/100/10/Map/,1.8760628979478636e-4,1.875577912014942e-4,1.8765606933964486e-4,1.621902834086533e-7,1.3945504722213093e-7,1.8532956622923106e-7
lookup_app1/100/10/HashMap/,8.662112757893942e-5,8.659421643654064e-5,8.664347753286213e-5,8.213650567920673e-8,6.743443411050927e-8,1.0427216662096901e-7
lookup_app1/100/100/ExprMap/,4.808962184412957e-4,4.8081307648075073e-4,4.809707838924677e-4,2.661516886445786e-7,2.2734573220476694e-7,3.057209290209826e-7
lookup_app1/100/100/Map/,1.6444629247748526e-3,1.644203660730395e-3,1.6447086594896824e-3,8.680550497388039e-7,7.058197142804599e-7,1.0963193324292981e-6
lookup_app1/100/100/HashMap/,7.88157832792781e-4,7.879823403553028e-4,7.886081784501518e-4,9.205577976807112e-7,3.839732793823406e-7,1.7919573374447294e-6
lookup_app1/100/1000/ExprMap/,5.334739580640856e-3,5.332755871097368e-3,5.337415374948941e-3,6.924571543759544e-6,5.745753325956161e-6,8.396078333309686e-6
lookup_app1/100/1000/Map/,1.6786905843799618e-2,1.676936359196284e-2,1.685213977627294e-2,7.745188972127349e-5,8.99157707928793e-6,1.5553664941847495e-4
lookup_app1/100/1000/HashMap/,9.473025790618187e-3,9.465521185425109e-3,9.480174266901632e-3,1.9653379077694165e-5,1.4751108221125966e-5,2.9397612779025855e-5
lookup_app1/100/10000/ExprMap/,7.329929616119236e-2,7.32160751241763e-2,7.344598083032503e-2,1.926851841961079e-4,1.0034198358812481e-4,3.1542708797577756e-4
lookup_app1/100/10000/Map/,0.2562694666658839,0.2558756523951888,0.2571950571984053,7.170834458484061e-4,5.1791700456235473e-5,9.360804091006961e-4
lookup_app1/100/10000/HashMap/,0.12424100138208208,0.12412634316521386,0.12434992628792922,1.7289118813664688e-4,1.2914556366532774e-4,2.3196573471444807e-4
lookup_app1/1000/10/ExprMap/,6.195877658786426e-4,6.194311163086101e-4,6.19732366372765e-4,4.986395051902446e-7,4.195807866050067e-7,5.886888269713309e-7
lookup_app1/1000/10/Map/,2.8897254501192965e-3,2.8891971572287036e-3,2.89026660525577e-3,1.7292092980541582e-6,1.4626390520180335e-6,2.1125857924240074e-6
lookup_app1/1000/10/HashMap/,8.903714590630487e-4,8.901941910732698e-4,8.905655563808338e-4,6.254432186002011e-7,5.366371626831639e-7,7.426857709008608e-7
lookup_app1/1000/100/ExprMap/,4.885870414389496e-3,4.8832359983324745e-3,4.889225276654941e-3,9.268407301251408e-6,7.647819793630773e-6,1.2351720660017509e-5
lookup_app1/1000/100/Map/,2.4607558674850483e-2,2.4586402382064207e-2,2.468625847664209e-2,8.279377684224208e-5,1.2421028871065066e-5,1.585304154090003e-4
lookup_app1/1000/100/HashMap/,7.965849924324052e-3,7.962907837864415e-3,7.970180039543067e-3,1.029055770173513e-5,7.428185754069503e-6,1.4597600112773188e-5
lookup_app1/1000/1000/ExprMap/,6.443679483618285e-2,6.441793995123211e-2,6.445359901630027e-2,3.165824544608519e-5,2.2613804315666968e-5,4.364783453515082e-5
lookup_app1/1000/1000/Map/,0.3106529250927269,0.3104673477075994,0.31095242500305176,3.077773551262357e-4,1.3290384539388147e-4,4.1764969592631747e-4
lookup_app1/1000/1000/HashMap/,0.10649818959177802,0.10636335188158291,0.10683449022521181,3.502103308869373e-4,4.98935722488372e-5,5.725519520429387e-4
lookup_app1/1000/10000/ExprMap/,0.8499160480763143,0.8494174428439389,0.8506069802679121,6.586154319041684e-4,3.021158878481773e-4,8.405921877618215e-4
lookup_app1/1000/10000/Map/,4.3514327387092635,4.351046583731659,4.3517627264373,4.3610866222001677e-4,1.2971270663045639e-4,5.811502850545292e-4
lookup_app1/1000/10000/HashMap/,1.251961698483986,1.251801404946794,1.2522241713789601,2.571225005957729e-4,6.787826840913948e-6,3.254457512205803e-4
lookup_app1/10000/10/ExprMap/,7.074644835657058e-3,7.071831280603585e-3,7.07887370469876e-3,9.856537539603961e-6,7.157070015318206e-6,1.4942452992966732e-5
lookup_app1/10000/10/Map/,4.0087839897387616e-2,4.002128724748081e-2,4.0349250405771295e-2,2.460987159374391e-4,1.682459254641596e-5,4.6038350471292925e-4
lookup_app1/10000/10/HashMap/,9.299286153142069e-3,9.295824002726284e-3,9.304055555365367e-3,1.0656229291148274e-5,6.658087401899144e-6,1.538053423908155e-5
lookup_app1/10000/100/ExprMap/,6.27125585374224e-2,6.267584648191393e-2,6.275761676348608e-2,7.205743413732138e-5,5.124537266015622e-5,9.551153135370381e-5
lookup_app1/10000/100/Map/,0.4290910694980994,0.42876336514018476,0.4294919844251126,4.0512014244863993e-4,1.6966252587735653e-4,5.608913870531252e-4
lookup_app1/10000/100/HashMap/,8.828110440826369e-2,8.822464771627907e-2,8.846515509699072e-2,1.5413607693070416e-4,4.6003033178095606e-5,2.596301046916759e-4
lookup_app1/10000/1000/ExprMap/,0.981074619689025,0.9808220324339345,0.9814150282181799,3.421566832253635e-4,1.1062957216671402e-4,4.618611489632936e-4
lookup_app1/10000/1000/Map/,4.982645079687548,4.982010491968443,4.983639068319462,9.821178411426805e-4,1.518776591709044e-5,1.2587412481815119e-3
lookup_app1/10000/1000/HashMap/,1.067733684903942,1.0675100188236684,1.0678651171037927,2.2364751469479475e-4,1.1099455878138542e-4,3.035296638558956e-4
lookup_app1/10000/10000/ExprMap/,7.792453916937423,7.791279935510829,7.793492528532321,1.2530134748865698e-3,7.26935143271934e-4,1.5591783342882484e-3
lookup_app1/10000/10000/Map/,63.594568357725315,63.59320398125176,63.59599635680206,1.755409708943707e-3,7.374384440481663e-4,2.29937192876003e-3
lookup_app1/10000/10000/HashMap/,12.251710079532737,12.251254037721083,12.251947835631047,4.314698250327436e-4,3.894076993038453e-5,5.490741894430253e-4
lookup_app2/10/ExprMap/,6.6932665676534125e-6,6.690427237139898e-6,6.696309828308949e-6,9.597362866766647e-9,7.852067161235327e-9,1.2935702811378685e-8
lookup_app2/10/Map/,7.4858138400734596e-6,7.483932843338299e-6,7.487750817004344e-6,6.614416070838208e-9,5.906253003362733e-9,7.4003503666959244e-9
lookup_app2/10/HashMap/,9.551911214869518e-6,9.545022766259776e-6,9.558652201978138e-6,2.3198422002491795e-8,1.9532734183546926e-8,2.8538519893950215e-8
lookup_app2/100/ExprMap/,6.044101307552423e-4,6.043057296195757e-4,6.045136499815187e-4,3.5113248791242624e-7,2.866129717258275e-7,4.3734549422781935e-7
lookup_app2/100/Map/,8.58079899749148e-4,8.579170063668924e-4,8.582112986935585e-4,4.993193548471465e-7,4.2907393038813054e-7,5.7385075030444e-7
lookup_app2/100/HashMap/,8.591724680729118e-4,8.587862928460796e-4,8.595770410700682e-4,1.3047525151269643e-6,1.123984691360762e-6,1.5765369625858456e-6
lookup_app2/1000/ExprMap/,0.1002597623869343,0.10022062394748289,0.10032129240118795,7.772697984092389e-5,4.385154366624742e-5,1.2546899614536043e-4
lookup_app2/1000/Map/,0.31289188876748086,0.3120831979066133,0.3148225013166666,1.475051890255898e-3,2.031315766058432e-4,1.999571619660252e-3
lookup_app2/1000/HashMap/,0.13035746963883174,0.13026936334125433,0.13044249343053838,1.3548724787564915e-4,8.594323437342487e-5,2.099820560121188e-4
lookup_lam/10/10/ExprMap/,7.563396358756497e-6,7.547496085936998e-6,7.578017692691307e-6,4.836140129778863e-8,4.452714369558218e-8,5.2412451492101216e-8
lookup_lam/10/10/Map/,1.6056780265242693e-5,1.605248641093483e-5,1.6062341181423262e-5,1.6877873668237153e-8,1.3619991456216774e-8,2.1320330654180818e-8
lookup_lam/10/10/HashMap/,1.3845092421268528e-5,1.3841425921257627e-5,1.3849021619396463e-5,1.2825098051724488e-8,1.1194773104710058e-8,1.51487051822927e-8
lookup_lam/10/100/ExprMap/,5.2819782980334076e-5,5.280756576105179e-5,5.2834173114703036e-5,4.511142847195219e-8,3.499422484119886e-8,6.989654581903693e-8
lookup_lam/10/100/Map/,1.3789905329027953e-4,1.3780082423408839e-4,1.3832227807400165e-4,5.60408999479775e-7,1.7737149038674218e-7,1.2254424606965258e-6
lookup_lam/10/100/HashMap/,1.107101221588734e-4,1.106763792078493e-4,1.1074943778586086e-4,1.2872826428097567e-7,1.1052345057568292e-7,1.5640689477004262e-7
lookup_lam/10/1000/ExprMap/,5.625015679870442e-4,5.624083431244861e-4,5.626177976765214e-4,3.5597179935445623e-7,2.8699485643831656e-7,4.644424764913827e-7
lookup_lam/10/1000/Map/,1.414854873288517e-3,1.4144198052260962e-3,1.4153846448860558e-3,1.6286999885974675e-6,1.3236877207081647e-6,1.958571949037038e-6
lookup_lam/10/1000/HashMap/,1.2445502741989633e-3,1.2440742562926208e-3,1.245182443333776e-3,1.95804728116588e-6,1.714105245675096e-6,2.2066494549706614e-6
lookup_lam/10/10000/ExprMap/,5.690689774685426e-3,5.687177342121316e-3,5.698536890740147e-3,1.4672838249694305e-5,8.86048766305548e-6,2.534877896577852e-5
lookup_lam/10/10000/Map/,1.4319978104747017e-2,1.4302617434166215e-2,1.4346721209955756e-2,5.175803238635737e-5,3.507628693499193e-5,8.067807193472417e-5
lookup_lam/10/10000/HashMap/,1.276537024097081e-2,1.275063144347799e-2,1.2798585153730882e-2,5.571445927600461e-5,2.555718261250786e-5,8.854884059269173e-5
lookup_lam/100/10/ExprMap/,6.388891205802628e-5,6.387303766959706e-5,6.392823077016557e-5,7.534382334066262e-8,4.513857532180359e-8,1.296710889225968e-7
lookup_lam/100/10/Map/,2.7537722780346364e-4,2.75299004895992e-4,2.7549333886308996e-4,3.1614725895098495e-7,2.4873829701856903e-7,3.9139487914008604e-7
lookup_lam/100/10/HashMap/,1.2615242088340428e-4,1.261139387971498e-4,1.2619517433457993e-4,1.4026782813902932e-7,1.2356950473244984e-7,1.6544639572378993e-7
lookup_lam/100/100/ExprMap/,5.385876992082111e-4,5.384773574943737e-4,5.387230180140011e-4,4.1519180077493903e-7,3.3232963253701815e-7,5.763013838579673e-7
lookup_lam/100/100/Map/,2.541920062382585e-3,2.5407504186631966e-3,2.5438069843180854e-3,4.989902146267453e-6,3.6569461686009142e-6,6.932968515111995e-6
lookup_lam/100/100/HashMap/,1.1277582687879934e-3,1.1272857745789515e-3,1.128240036868596e-3,1.6327082820519272e-6,1.4155189485057777e-6,1.8933785449565222e-6
lookup_lam/100/1000/ExprMap/,5.939060557737983e-3,5.935921645165218e-3,5.943465084287841e-3,1.0665597942071963e-5,7.598550418063565e-6,1.4930663599132316e-5
lookup_lam/100/1000/Map/,2.6961778623726437e-2,2.6942205290848082e-2,2.6997852260669346e-2,5.587261835735896e-5,3.321044968333968e-5,8.644113258208176e-5
lookup_lam/100/1000/HashMap/,1.3033704493685874e-2,1.3018812594299309e-2,1.3054896834157073e-2,4.27159537153825e-5,2.922890729643397e-5,5.780091777839871e-5
lookup_lam/100/10000/ExprMap/,8.181013593346709e-2,8.169520397567087e-2,8.203591243881318e-2,2.798110130338918e-4,1.1406516731345904e-4,4.5908570326229933e-4
lookup_lam/100/10000/Map/,0.41909280749193084,0.4183898156043142,0.42018605923901003,1.0341210475246212e-3,8.064298890531063e-5,1.3089376322891393e-3
lookup_lam/100/10000/HashMap/,0.16842872430475392,0.16823602933436632,0.16866957238514205,3.1292446286129895e-4,1.8340007311245303e-4,4.828789606808909e-4
lookup_lam/1000/10/ExprMap/,6.80226125320446e-4,6.800763916214323e-4,6.804020945577277e-4,5.313108083773473e-7,4.386576299249213e-7,6.481185913559152e-7
lookup_lam/1000/10/Map/,4.2609336891474125e-3,4.25938159067875e-3,4.263274812724233e-3,5.999031492623203e-6,4.36172569621815e-6,8.20878196989231e-6
lookup_lam/1000/10/HashMap/,1.3001828305717928e-3,1.299598611873447e-3,1.3008180360096788e-3,1.968614436406109e-6,1.729487270326016e-6,2.5156950108687206e-6
lookup_lam/1000/100/ExprMap/,5.411226740076459e-3,5.406710632190057e-3,5.419424654974458e-3,1.7186600391441598e-5,1.0443505412626079e-5,2.8052244387825005e-5
lookup_lam/1000/100/Map/,3.900102730239204e-2,3.890109146575606e-2,3.936393405990306e-2,3.538589161444396e-4,5.653666350769387e-5,6.581683566302906e-4
lookup_lam/1000/100/HashMap/,1.1368223626134629e-2,1.1356715631312188e-2,1.1394397447549746e-2,4.470282959830017e-5,2.2246930428493867e-5,7.538328363649428e-5
lookup_lam/1000/1000/ExprMap/,7.260064408574661e-2,7.257814852910677e-2,7.262014252101047e-2,3.7865263627583526e-5,2.9739178688372138e-5,5.0214610784476616e-5
lookup_lam/1000/1000/Map/,0.4809901383317386,0.4806752837418268,0.4815836320631206,5.83728075677744e-4,1.4239085049876088e-5,7.128864439147993e-4
lookup_lam/1000/1000/HashMap/,0.14118674815930174,0.14112380846422548,0.1413104405918089,1.2134886531005644e-4,2.9334341773303927e-5,1.8925251506476644e-4
lookup_lam/1000/10000/ExprMap/,0.8361140690200651,0.835786765286078,0.8366949629271403,5.719016366861635e-4,5.284240255561687e-6,7.505913554413767e-4
lookup_lam/1000/10000/Map/,6.284737738897093,6.283641280722804,6.2865929525578395,1.7905582244102458e-3,2.2513512521982193e-4,2.272198038022591e-3
lookup_lam/1000/10000/HashMap/,1.6035619348598023,1.6028788633023698,1.603904481123512,6.449316991185888e-4,4.667230263879444e-6,7.91076710250701e-4
lookup_lam/10000/10/ExprMap/,7.825830133778501e-3,7.818860440009519e-3,7.837762977029632e-3,2.5570463449743853e-5,1.789597386792643e-5,3.778089501463651e-5
lookup_lam/10000/10/Map/,6.1015789186594956e-2,6.086638210508874e-2,6.1556410487985824e-2,4.4974973369449036e-4,8.156312875421854e-5,7.9529799572992e-4
lookup_lam/10000/10/HashMap/,1.342916636249366e-2,1.341276121289476e-2,1.3451933070897494e-2,4.82319602055869e-5,3.122861432137926e-5,7.561982908718482e-5
lookup_lam/10000/100/ExprMap/,6.989076634274365e-2,6.984693618419455e-2,6.997156010840612e-2,1.1175222607952962e-4,5.6000178818215144e-5,1.7811733323422902e-4
lookup_lam/10000/100/Map/,0.6500916414661333,0.6496387756196782,0.6505214860662818,5.28838130940362e-4,2.3519108071923256e-4,6.795108186174414e-4
lookup_lam/10000/100/HashMap/,0.12352643666229034,0.12347306581685275,0.12364822910499892,1.1663311740607746e-4,4.0712437481909286e-5,1.8900446870192812e-4
lookup_lam/10000/1000/ExprMap/,0.8758729009423405,0.8757876330055296,0.8759699082002044,1.1363287347652098e-4,3.865361213684082e-5,1.5228451833924266e-4
lookup_lam/10000/1000/Map/,7.476951450148287,7.476590256905183,7.47754069045186,5.950385298821969e-4,2.1543377079069614e-4,8.145645824004681e-4
lookup_lam/10000/1000/HashMap/,1.4239363240388532,1.4238064140081406,1.424084901344031,1.7331322696987486e-4,5.962575475371157e-5,2.3116447369417992e-4
lookup_lam/10000/10000/ExprMap/,8.69772901389903,8.697229678160511,8.698487150366418,7.313081847182124e-4,1.0427683939165237e-4,9.68002555438929e-4
lookup_lam/10000/10000/Map/,89.3325203397156,89.05371818326724,89.70855562994257,0.35903284130054264,5.334556367416199e-4,0.43447487989304234
lookup_lam/10000/10000/HashMap/,15.920741745387204,15.919883396360092,15.921329787233844,8.706832879115454e-4,3.5939366784790323e-4,1.1235630966181982e-3
lookup_one/10/ExprMap/,3.2286414180384894e-7,3.2279000695847227e-7,3.229369258822668e-7,2.6215965626658233e-10,2.1547845382471388e-10,3.20743450185142e-10
lookup_one/10/Map/,3.2431686741710073e-7,3.2338287275006405e-7,3.252307756447674e-7,3.0973043807539413e-9,2.7313628893160633e-9,3.4359415043080407e-9
lookup_one/10/HashMap/,5.278872110274317e-7,5.276286934599025e-7,5.281100177887041e-7,8.197797028270091e-10,6.794964512711496e-10,1.0188833443601899e-9
lookup_one/100/ExprMap/,1.548367942741609e-6,1.5473167565805227e-6,1.5492850272338177e-6,3.3388172577593225e-9,2.6043878338405892e-9,4.1550630876849475e-9
lookup_one/100/Map/,1.5604122856071434e-6,1.5593312164241564e-6,1.561187350572898e-6,2.917885344591314e-9,2.4277376723573716e-9,3.574450451224357e-9
lookup_one/100/HashMap/,2.6393632862112438e-6,2.637429333448181e-6,2.6409825534061484e-6,5.9331748404816e-9,4.752564947663403e-9,7.821554427989984e-9
lookup_one/1000/ExprMap/,2.3012886616658647e-5,2.3008167226326943e-5,2.3018270506870293e-5,1.735206545739866e-8,1.452526427106561e-8,2.1260752253124326e-8
lookup_one/1000/Map/,2.2989463283390376e-5,2.2984828612228093e-5,2.2993869315122103e-5,1.5149260436792414e-8,1.2401755523962521e-8,1.8868553096459902e-8
lookup_one/1000/HashMap/,3.9862571324816265e-5,3.9855788594289604e-5,3.98705733327767e-5,2.4355283375338056e-8,1.9952383055361e-8,3.0786979170058924e-8
insert_lookup_one/10/10/ExprMap/,6.43209823029136e-8,6.431593653278268e-8,6.432571396454202e-8,1.6557570000923025e-11,1.2768388832297465e-11,2.311395115945661e-11
insert_lookup_one/10/10/Map/,1.4085481552144848e-7,1.407845778746284e-7,1.4092311088113772e-7,2.3649171838982644e-10,2.03696175526481e-10,2.848905865152127e-10
insert_lookup_one/10/10/HashMap/,9.326618024760817e-8,9.32407730074365e-8,9.328945958679913e-8,8.329084441273274e-11,7.057207508963789e-11,9.922169412096626e-11
insert_lookup_one/10/100/ExprMap/,2.460294598276154e-6,2.4597464316403246e-6,2.461167652175439e-6,2.314916356819021e-9,1.6719252427734325e-9,3.829218676023686e-9
insert_lookup_one/10/100/Map/,2.571212181779908e-6,2.5703717173765415e-6,2.5722045741753638e-6,2.975041753071219e-9,2.5449115485996417e-9,3.50793261582408e-9
insert_lookup_one/10/100/HashMap/,3.741489642173066e-6,3.7397517087974645e-6,3.7432054371335315e-6,5.751485376838369e-9,4.872024417142711e-9,6.775168546826354e-9
insert_lookup_one/10/1000/ExprMap/,2.6062844556317448e-5,2.6055757502672358e-5,2.6069348374312417e-5,2.222029900715561e-8,1.86627328365372e-8,2.7839391176472394e-8
insert_lookup_one/10/1000/Map/,2.620284106838537e-5,2.6198467408194823e-5,2.6207601375502393e-5,1.513334848345427e-8,1.2645029879786644e-8,1.8952695206188016e-8
insert_lookup_one/10/1000/HashMap/,4.594290026645063e-5,4.5931453529636445e-5,4.595635235406039e-5,3.983175901316587e-8,3.358497474282806e-8,5.148309130360902e-8
insert_lookup_one/10/10000/ExprMap/,2.533804923751146e-4,2.5333054415222086e-4,2.5343639519564406e-4,1.8817323620397208e-7,1.5569883055678198e-7,2.2892021039923956e-7
insert_lookup_one/10/10000/Map/,2.5084214701496426e-4,2.5078122435394964e-4,2.509170794746016e-4,2.369028863465808e-7,1.872909176454814e-7,3.146009867635428e-7
insert_lookup_one/10/10000/HashMap/,4.592548254760615e-4,4.590005896550567e-4,4.595331200386077e-4,8.843254993899736e-7,7.371171429903486e-7,1.2109734876089e-6
insert_lookup_one/100/10/ExprMap/,1.5291124276481425e-7,1.5282784516483017e-7,1.5298966491870175e-7,2.771009229632231e-10,2.2531265337031146e-10,3.4757620657484105e-10
insert_lookup_one/100/10/Map/,3.805186470352852e-7,3.7955634653285273e-7,3.8134294752172136e-7,2.9227387763309123e-9,2.3000124574754675e-9,3.94222202666817e-9
insert_lookup_one/100/10/HashMap/,1.216143332109594e-7,1.2155791955599503e-7,1.2168242415066765e-7,2.0234745359464135e-10,1.725028804581461e-10,2.470904387047113e-10
insert_lookup_one/100/100/ExprMap/,2.4600142828100385e-6,2.4595242005255573e-6,2.460580352271514e-6,1.721757105774469e-9,1.3125521815006857e-9,2.3083333507895293e-9
insert_lookup_one/100/100/Map/,2.8315158417917925e-6,2.8307786766829794e-6,2.8323943812488545e-6,2.7402993114988146e-9,2.207276883972167e-9,3.6446307794161476e-9
insert_lookup_one/100/100/HashMap/,3.7973712818480606e-6,3.796475969707604e-6,3.798161281330763e-6,2.9295223927683362e-9,2.440687960318824e-9,3.5068792704035153e-9
insert_lookup_one/100/1000/ExprMap/,2.6234792585329724e-5,2.6228468289504468e-5,2.624152398705922e-5,2.1641077825284443e-8,1.8057441017479576e-8,2.6444772454168703e-8
insert_lookup_one/100/1000/Map/,2.6810072185164624e-5,2.680274097035039e-5,2.6816710223376264e-5,2.370800858327323e-8,1.970586235904552e-8,2.8532294493989706e-8
insert_lookup_one/100/1000/HashMap/,4.591767086039716e-5,4.5890518525582094e-5,4.59984484695922e-5,1.450109518993503e-7,6.055506402572473e-8,3.0354926825593374e-7
insert_lookup_one/100/10000/ExprMap/,2.553198623156295e-4,2.5520082188194637e-4,2.554489232655528e-4,4.3874518383043346e-7,3.5914608196393843e-7,5.271920846267506e-7
insert_lookup_one/100/10000/Map/,2.5314965969409106e-4,2.530924862458315e-4,2.5321316371460374e-4,2.0140059374077732e-7,1.6222247779974648e-7,2.6061852998046337e-7
insert_lookup_one/100/10000/HashMap/,4.585467095633424e-4,4.5842357091110454e-4,4.5874510487799977e-4,4.932796045227943e-7,3.907148608770854e-7,7.569522705671856e-7
insert_lookup_one/1000/10/ExprMap/,1.65346305080184e-7,1.641910221211727e-7,1.672493927424325e-7,4.901903355217446e-9,2.7627471828861747e-9,6.764949414799508e-9
insert_lookup_one/1000/10/Map/,5.885650864679568e-7,5.88149353961927e-7,5.889508247183358e-7,1.3203029108012049e-9,1.020481570821662e-9,1.9902937042046353e-9
insert_lookup_one/1000/10/HashMap/,1.7493607965054888e-7,1.7488966283714714e-7,1.750114147735803e-7,2.0177717971825683e-10,1.2877503063486418e-10,3.3580415230167234e-10
insert_lookup_one/1000/100/ExprMap/,2.4782726053709133e-6,2.476639586762668e-6,2.48027281830827e-6,5.936326578199201e-9,5.112944963669243e-9,6.8749108484199205e-9
insert_lookup_one/1000/100/Map/,3.7238910384570064e-6,3.723006779309958e-6,3.7251628692415194e-6,3.729745125405057e-9,2.638948566363102e-9,5.761425880683304e-9
insert_lookup_one/1000/100/HashMap/,3.826445289554155e-6,3.824202989114067e-6,3.8293481759844885e-6,8.852465612572644e-9,6.616617265463021e-9,1.1006350844025112e-8
insert_lookup_one/1000/1000/ExprMap/,2.6241508824172752e-5,2.6236706883308467e-5,2.624595127500885e-5,1.5912507508014555e-8,1.332972475227729e-8,1.872558084187345e-8
insert_lookup_one/1000/1000/Map/,2.7369391711616575e-5,2.7364563436312503e-5,2.737408823315357e-5,1.6870517895359867e-8,1.3308459919738449e-8,2.2075122362315e-8
insert_lookup_one/1000/1000/HashMap/,4.603985485225334e-5,4.602885481219779e-5,4.6051470432162636e-5,3.68174808870173e-8,3.2409286717145693e-8,4.3103490275629375e-8
insert_lookup_one/1000/10000/ExprMap/,2.5538492854888713e-4,2.5532230974167013e-4,2.5548607953243454e-4,2.598451129885207e-7,1.8336035265031963e-7,4.471399699074742e-7
insert_lookup_one/1000/10000/Map/,2.5340020770282036e-4,2.5333613521688733e-4,2.534753272986439e-4,2.30504679244745e-7,1.898365634064429e-7,2.7760636613850186e-7
insert_lookup_one/1000/10000/HashMap/,4.5890629943855975e-4,4.5866534500364233e-4,4.592412759791956e-4,9.665857145448491e-7,6.335592980674309e-7,1.4527706112367742e-6
insert_lookup_one/10000/10/ExprMap/,1.0485422630855239e-7,1.0483521575501907e-7,1.0487864843129896e-7,7.00966554923652e-11,5.806992615867437e-11,8.883007536382666e-11
insert_lookup_one/10000/10/Map/,6.807536385906368e-7,6.783946766577026e-7,6.835437402413023e-7,8.559485510422393e-9,7.257144517292272e-9,1.0320866813411277e-8
insert_lookup_one/10000/10/HashMap/,1.9544808277646417e-7,1.9538433988487513e-7,1.9552317308101393e-7,2.398520990962063e-10,1.7154843682626032e-10,3.5191082454433544e-10
insert_lookup_one/10000/100/ExprMap/,2.572680364377456e-6,2.5709414294989334e-6,2.5745427788056605e-6,5.940494309287434e-9,5.15757463724378e-9,6.917611791687298e-9
insert_lookup_one/10000/100/Map/,5.1944911159813224e-6,5.192522368032113e-6,5.196827738389502e-6,7.42067022754633e-9,6.064354109307605e-9,9.3299109802831e-9
insert_lookup_one/10000/100/HashMap/,3.8278666474325035e-6,3.825998169934743e-6,3.829968206513777e-6,6.499462806334796e-9,5.346068525235767e-9,8.30989651112493e-9
insert_lookup_one/10000/1000/ExprMap/,2.6457189561665492e-5,2.645174750886526e-5,2.64637494963393e-5,1.9447921355784163e-8,1.5999531365088472e-8,2.589829335932953e-8
insert_lookup_one/10000/1000/Map/,2.89851066919207e-5,2.897935106242202e-5,2.8991055429557975e-5,2.0022311130336456e-8,1.6606053183194357e-8,2.4993883186830895e-8
insert_lookup_one/10000/1000/HashMap/,4.597518957629567e-5,4.596232698492707e-5,4.598699305381361e-5,4.223821954097642e-8,3.391163992631592e-8,5.316437531960001e-8
insert_lookup_one/10000/10000/ExprMap/,2.5487123835066716e-4,2.547837863666787e-4,2.550083295370737e-4,3.747845592739634e-7,2.3801901619980524e-7,5.692527994969584e-7
insert_lookup_one/10000/10000/Map/,2.555194722666375e-4,2.5546048079744656e-4,2.555940569662173e-4,2.3407540873423935e-7,1.8876373253388822e-7,2.9931020812889513e-7
insert_lookup_one/10000/10000/HashMap/,4.5881410011215683e-4,4.586660926231794e-4,4.5900063813221384e-4,5.529660943438246e-7,4.17536216089536e-7,7.200213051493723e-7
fromList_app1/10/ExprMap/,1.0351136533165458e-5,1.0347421925106943e-5,1.0354965688384182e-5,1.2594547719878284e-8,1.0022735496347748e-8,1.686910478051197e-8
fromList_app1/10/Map/,1.0055366341435937e-5,1.0051841950160179e-5,1.0058893429171595e-5,1.1981482547529627e-8,1.0312001155775394e-8,1.4137513511572379e-8
fromList_app1/10/HashMap/,6.656736125101996e-6,6.650429430276119e-6,6.6621062330264285e-6,1.9072065761307345e-8,1.5807840709043472e-8,2.4041174665419276e-8
fromList_app1/100/ExprMap/,7.295571005614917e-4,7.29306277996181e-4,7.299380032753407e-4,9.712441825250671e-7,6.535205782483488e-7,1.4693270808801636e-6
fromList_app1/100/Map/,1.4794940591815319e-3,1.4792899470775303e-3,1.4796933140646905e-3,7.11481007063261e-7,5.695429607267827e-7,9.93378601585191e-7
fromList_app1/100/HashMap/,5.489962504628382e-4,5.48687849009762e-4,5.500903557749664e-4,1.8330753015159307e-6,2.9937668728165505e-7,3.872041131737867e-6
fromList_app1/1000/ExprMap/,9.951957040548495e-2,9.938804164497639e-2,9.97551513389837e-2,2.8109179572324226e-4,1.365732377979396e-4,4.40294270510173e-4
fromList_app1/1000/Map/,0.3318742447284361,0.33173631777986884,0.3320780809720357,2.1485392688448535e-4,9.735441521454922e-5,3.0086380499591304e-4
fromList_app1/1000/HashMap/,0.11866106789065747,0.11852762959426313,0.11877288250806964,1.9447503201588828e-4,1.538432055205695e-4,2.4391768945068962e-4
fromList/10/10/ExprMap/,3.710347126617827e-6,3.708509985421724e-6,3.712657463474142e-6,7.247469747024055e-9,5.46380581318197e-9,1.0498500746014947e-8
fromList/10/10/Map/,2.488692712676018e-6,2.4880108809307882e-6,2.4894982262197963e-6,2.635334289352059e-9,2.1812581848762352e-9,3.569019737266035e-9
fromList/10/10/HashMap/,3.6294984241438693e-6,3.627354644977527e-6,3.6315368248902016e-6,7.1156817478249e-9,6.088246870160951e-9,8.446384960808223e-9
fromList/10/100/ExprMap/,8.415513315233913e-6,8.409184801166491e-6,8.420758688551386e-6,2.0041558143619115e-8,1.63768936062865e-8,2.4392018120439724e-8
fromList/10/100/Map/,6.803299102449017e-6,6.7984600887117875e-6,6.808198661154129e-6,1.627315234096989e-8,1.3719963544018201e-8,2.0363905756488787e-8
fromList/10/100/HashMap/,2.1241566281064262e-5,2.123570404989173e-5,2.1247943176229746e-5,2.047350200399357e-8,1.731594068119281e-8,2.5927134964056658e-8
fromList/10/1000/ExprMap/,8.253640836513916e-5,8.237937214736505e-5,8.28738776972916e-5,7.245390612361459e-7,1.0875884734534574e-7,1.2647120056927637e-6
fromList/10/1000/Map/,7.931322377520872e-5,7.930036008138423e-5,7.932666942789015e-5,4.3977540115625646e-8,3.7207754145245635e-8,5.3413532737143215e-8
fromList/10/1000/HashMap/,2.7798344638158375e-4,2.7794376912650197e-4,2.7802370415949565e-4,1.425272046516496e-7,1.1813770221646294e-7,1.8044747215402203e-7
fromList/10/10000/ExprMap/,7.313667291215061e-4,7.312069286916745e-4,7.319150348006543e-4,9.285675377029098e-7,2.378165642909857e-7,1.9330844953711304e-6
fromList/10/10000/Map/,7.287444873114052e-4,7.286897610444718e-4,7.288147138381942e-4,2.002083790769666e-7,1.6163310315259545e-7,2.541644853002423e-7
fromList/10/10000/HashMap/,2.8257081614882105e-3,2.825061671621419e-3,2.8263129228219335e-3,2.157602056341502e-6,1.7822087900108217e-6,2.728935455204588e-6
fromList/100/10/ExprMap/,3.92886960264449e-5,3.927486974530417e-5,3.930371276188666e-5,4.637958014163353e-8,3.86225779509847e-8,5.9388107830374555e-8
fromList/100/10/Map/,3.8874373236535924e-5,3.8864631241113626e-5,3.888678654386665e-5,3.6320088550823956e-8,3.011442954454531e-8,4.576622196107552e-8
fromList/100/10/HashMap/,3.2438209562350204e-5,3.242368324148093e-5,3.245208250712241e-5,4.632809648667339e-8,3.8653618293491874e-8,5.905493792341081e-8
fromList/100/100/ExprMap/,1.2930088399314783e-4,1.2928279189230893e-4,1.293316961998165e-4,7.974550549378692e-8,5.0566561032505076e-8,1.422841019940264e-7
fromList/100/100/Map/,1.1775216534435018e-4,1.1770034402502489e-4,1.1780064030157721e-4,1.7177521153497173e-7,1.527297547201465e-7,1.93974568731682e-7
fromList/100/100/HashMap/,2.5601779914669135e-4,2.55956367331609e-4,2.560750081529809e-4,2.171386955127091e-7,1.8682012828574025e-7,2.556768005724623e-7
fromList/100/1000/ExprMap/,9.164159562361341e-4,9.140824857020237e-4,9.233570932306374e-4,1.2211128547831541e-5,2.8536609474505125e-6,2.534925566831315e-5
fromList/100/1000/Map/,8.976837957493959e-4,8.975327935643894e-4,8.978754986083184e-4,5.620967842911489e-7,4.7680577112999897e-7,6.724927976263491e-7
fromList/100/1000/HashMap/,2.940257498732015e-3,2.9396791776408054e-3,2.940796571804389e-3,1.8507311824404073e-6,1.532832936694389e-6,2.471996276982121e-6
fromList/100/10000/ExprMap/,9.388461482277583e-3,9.343142992064976e-3,9.486838806026967e-3,1.781117650293149e-4,8.611636639871665e-5,3.1238514071241274e-4
fromList/100/10000/Map/,9.278204111712733e-3,9.248253695896906e-3,9.336557112424025e-3,1.0551522846265019e-4,5.681834158541556e-5,1.970239344145946e-4
fromList/100/10000/HashMap/,3.444628902676608e-2,3.436856290760655e-2,3.465086007130421e-2,2.5398843622126014e-4,8.058122244120877e-5,4.444495110238651e-4
fromList/1000/10/ExprMap/,5.880070594862486e-4,5.875967607046153e-4,5.88464790235037e-4,1.374897234280487e-6,1.081801998065306e-6,1.7624975983771762e-6
fromList/1000/10/Map/,7.407803905964075e-4,7.40634049432206e-4,7.409623735936341e-4,5.605603081569854e-7,3.946729452608962e-7,9.238540157520842e-7
fromList/1000/10/HashMap/,3.9592284590843254e-4,3.958299769253374e-4,3.959888958606759e-4,2.6827500389331366e-7,2.039407074126955e-7,3.4167829480178104e-7
fromList/1000/100/ExprMap/,1.5505704467482532e-3,1.5497837387704186e-3,1.5518613000686044e-3,3.2105543933093956e-6,2.2704104050445703e-6,4.790031327068305e-6
fromList/1000/100/Map/,1.7540566449480584e-3,1.7538144036914807e-3,1.7543303251245151e-3,9.350456068381391e-7,7.15150074967467e-7,1.2816048124672738e-6
fromList/1000/100/HashMap/,2.651584089105182e-3,2.650648646723147e-3,2.652407377286047e-3,3.0111249797760994e-6,2.3710199779268533e-6,3.9073813753139205e-6
fromList/1000/1000/ExprMap/,1.3108910569905007e-2,1.3089122759242943e-2,1.3138287074129819e-2,5.998722836318987e-5,4.4034414793495394e-5,7.603446562610245e-5
fromList/1000/1000/Map/,1.3213481332470627e-2,1.3195272032818577e-2,1.3238499589350318e-2,5.1896137701422624e-5,3.857934307947458e-5,7.112966244370856e-5
fromList/1000/1000/HashMap/,3.668892954652907e-2,3.663334626076013e-2,3.6914071798511014e-2,2.0521031599170033e-4,4.431681734678444e-5,4.190183960814471e-4
fromList/1000/10000/ExprMap/,0.10764644012287114,0.10722229231183451,0.10821183497945218,8.038910579225125e-4,4.675087450986963e-4,1.0631775931719243e-3
fromList/1000/10000/Map/,0.10721450140855786,0.10675906119465736,0.10782662904057554,8.437053579134758e-4,6.734456816413527e-4,9.990315841771932e-4
fromList/1000/10000/HashMap/,0.3637129945758109,0.36306860437616706,0.3649473424302414,1.2173465727017177e-3,1.4880206435918808e-5,1.4338932232495097e-3
fromList/10000/10/ExprMap/,8.535323527810999e-3,8.503499091359583e-3,8.559624201865589e-3,7.469239051136415e-5,5.869304206188543e-5,9.232423473316871e-5
fromList/10000/10/Map/,1.18783019808292e-2,1.1874364448939181e-2,1.1884336463480662e-2,1.3119848181329934e-5,8.980996900915794e-6,2.0608944945365397e-5
fromList/10000/10/HashMap/,4.4259086155544e-3,4.422934720193749e-3,4.4335287297971124e-3,1.4161659735257775e-5,6.677552083620884e-6,2.6691982812395912e-5
fromList/10000/100/ExprMap/,2.6779512295200064e-2,2.6700345565027844e-2,2.6855669422394667e-2,1.7276285667371116e-4,1.3097115564952562e-4,2.273192574321632e-4
fromList/10000/100/Map/,3.5057705244691297e-2,3.4984151010624465e-2,3.5217880721116424e-2,2.2302000447432167e-4,1.0696691850619374e-4,3.876400590975948e-4
fromList/10000/100/HashMap/,3.734697858097185e-2,3.722964299603915e-2,3.75222857951842e-2,2.928830843325472e-4,1.9226969806189847e-4,4.637739626880477e-4
fromList/10000/1000/ExprMap/,0.1458186633561795,0.14507142198493791,0.14664429110177116,1.1937820526642358e-3,8.438257335613099e-4,1.586993546240715e-3
fromList/10000/1000/Map/,0.164329547720144,0.16394886868644734,0.1645993012428081,4.709809325901712e-4,2.731236973019872e-4,6.651195704264832e-4
fromList/10000/1000/HashMap/,0.3866139257637163,0.3852879758924246,0.3881766046397388,1.7910086085078038e-3,7.041932794655198e-4,2.357956781023359e-3
fromList/10000/10000/ExprMap/,1.1043401424152155,1.0890018556577463,1.1156253078952432,1.5035292869721797e-2,6.363765957454803e-3,1.8717147309246868e-2
fromList/10000/10000/Map/,1.1229226189122226,1.1190256784902886,1.125678171714147,4.043409161942663e-3,2.282775240018964e-3,5.672620757084199e-3
fromList/10000/10000/HashMap/,3.6426266800456992,3.6393643284682184,3.6451667845249176,3.182920095605997e-3,1.3589863665401936e-3,3.816407091558389e-3
union/10/10/ExprMap/,4.900413601676658e-6,4.898442463050196e-6,4.902767588457763e-6,7.162870326080298e-9,5.649187348647285e-9,9.227138224958368e-9
union/10/10/Map/,4.260837995691174e-6,4.259692639193564e-6,4.262732435963471e-6,4.6494976474631866e-9,3.3112232965575968e-9,7.327422790435411e-9
union/10/10/HashMap/,3.8556046314640076e-6,3.854551991779562e-6,3.856671365244072e-6,3.6470152629111018e-9,2.9247021328813594e-9,4.806494960513272e-9
union/10/100/ExprMap/,2.536827490495459e-5,2.535711842292514e-5,2.5379623915180864e-5,3.716622689725077e-8,3.1766586020364845e-8,4.363562824600041e-8
union/10/100/Map/,2.58218288226253e-5,2.5817305542799202e-5,2.5826283544575467e-5,1.5581770790654096e-8,1.3387288112712557e-8,1.8891780021940775e-8
union/10/100/HashMap/,2.5249370948881985e-5,2.5243526819555376e-5,2.525569506943896e-5,2.0278388411756608e-8,1.7169600368510438e-8,2.477368277812553e-8
union/10/1000/ExprMap/,3.528505070262591e-4,3.5269140372889507e-4,3.530314194975179e-4,5.350112967900072e-7,4.6625998360039896e-7,6.16065664287747e-7
union/10/1000/Map/,3.3873868307859005e-4,3.3867062351883125e-4,3.3886823342674867e-4,2.924651701894131e-7,1.9268366544122916e-7,5.186636404668373e-7
union/10/1000/HashMap/,3.2471847323618027e-4,3.245607416426022e-4,3.2494470559863385e-4,6.412880682751484e-7,5.241887712581023e-7,8.221031190135215e-7
union/10/10000/ExprMap/,3.3801907315583234e-3,3.3779514928680317e-3,3.3821817180328577e-3,6.684721965969285e-6,5.842458573286306e-6,7.536047480519979e-6
union/10/10000/Map/,3.54910553557911e-3,3.548136417306172e-3,3.5502060048652386e-3,3.3783793465794264e-6,2.7460111228114893e-6,4.187591287057085e-6
union/10/10000/HashMap/,3.599176817262915e-3,3.597597260275771e-3,3.600693888513908e-3,5.024043584122122e-6,4.158948043672069e-6,5.920144056284657e-6
union/100/10/ExprMap/,3.7644301540784015e-5,3.760395056530949e-5,3.768083189556811e-5,1.2773505058972778e-7,1.0589996180895084e-7,1.5263689265610198e-7
union/100/10/Map/,3.8230524869868154e-5,3.821932654236961e-5,3.824210415397191e-5,3.931555732379892e-8,3.224420826640214e-8,4.7768241449233647e-8
union/100/10/HashMap/,3.1107683243353705e-5,3.110144818715184e-5,3.111731339416483e-5,2.5781265458465072e-8,1.7371398914111927e-8,4.1870209891639927e-8
union/100/100/ExprMap/,3.0558634954323095e-4,3.0542256299099726e-4,3.0572468308074475e-4,4.947461224087748e-7,4.100478604752056e-7,6.022748979695568e-7
union/100/100/Map/,2.8810205525355904e-4,2.8799884702630324e-4,2.8819482562415875e-4,3.3586060357183804e-7,2.8694011622927477e-7,3.9090410300535097e-7
union/100/100/HashMap/,2.7320083555772465e-4,2.73085479897539e-4,2.7330310709109833e-4,3.7932823007475106e-7,3.123965303785677e-7,4.69357580564326e-7
union/100/1000/ExprMap/,3.5385115101736076e-3,3.536777040363952e-3,3.540316864261637e-3,5.688758152176308e-6,4.792878794419686e-6,6.7210647353330716e-6
union/100/1000/Map/,3.4475713389900517e-3,3.4464159511082993e-3,3.449050142134144e-3,4.115243223283536e-6,3.2334214008041476e-6,5.4185907877367465e-6
union/100/1000/HashMap/,3.3929680030216755e-3,3.3911491726010953e-3,3.3960969177416313e-3,7.822594150275295e-6,5.1392958068268205e-6,1.2501765351284012e-5
union/100/10000/ExprMap/,4.507517796004758e-2,4.494733172532196e-2,4.544129002306833e-2,3.80356329223537e-4,1.44729336974372e-4,6.468658309258089e-4
union/100/10000/Map/,4.536127282137996e-2,4.528950860823405e-2,4.551510859559411e-2,1.9073376005108298e-4,1.0890524923016307e-4,2.886356243994622e-4
union/100/10000/HashMap/,4.514414620527486e-2,4.5058668804038526e-2,4.54338752366531e-2,2.8369553578573987e-4,6.999208936858437e-5,5.138205683024254e-4
union/1000/10/ExprMap/,3.8918528759877775e-4,3.8893538268647266e-4,3.8936792881367197e-4,7.018814522764847e-7,5.828742351339581e-7,8.397766388069924e-7
union/1000/10/Map/,4.273432336734344e-4,4.271856409108979e-4,4.274815516712962e-4,5.206587830577921e-7,3.990345404129649e-7,6.642194532314764e-7
union/1000/10/HashMap/,3.7551106829210784e-4,3.752945105567759e-4,3.758045980318609e-4,8.414696846287492e-7,6.049124286509077e-7,1.217860007223957e-6
union/1000/100/ExprMap/,2.8544802046165485e-3,2.8527134527464187e-3,2.859299120627933e-3,9.068275073426544e-6,4.322980145868832e-6,1.73077122202955e-5
union/1000/100/Map/,2.951038296635737e-3,2.9466818701224923e-3,2.959168857037001e-3,1.936826686217249e-5,1.1101605590441898e-5,2.8486492232395253e-5
union/1000/100/HashMap/,2.744790016541557e-3,2.7432435411378054e-3,2.7474636411158474e-3,6.784229376426164e-6,4.660891577627466e-6,1.1699210536823695e-5
union/1000/1000/ExprMap/,4.368907282291793e-2,4.364672914377494e-2,4.378006210652611e-2,1.2119395710757905e-4,2.987597044946854e-5,2.0419572369441598e-4
union/1000/1000/Map/,4.6832829943371686e-2,4.6777968181862965e-2,4.693276903715083e-2,1.4788671893708097e-4,7.467068743130988e-5,2.509226086985501e-4
union/1000/1000/HashMap/,4.6676062972655405e-2,4.662181990646436e-2,4.673424615374768e-2,1.12187083017707e-4,7.93046954597424e-5,1.600026473921665e-4
union/1000/10000/ExprMap/,0.44951055850833654,0.4491925393231213,0.4499854571186006,4.774347053125075e-4,9.60957258939743e-5,6.234720623402079e-4
union/1000/10000/Map/,0.46134430007077754,0.4603178398683667,0.46316563966684043,1.7602215321073445e-3,1.316341752189325e-4,2.168918899754744e-3
union/1000/10000/HashMap/,0.4604757857353737,0.45908274478279054,0.4615634623914957,1.5399677173664748e-3,1.071070139391316e-3,1.846569579795264e-3
union/10000/10/ExprMap/,3.6682554174693287e-3,3.665655714473673e-3,3.6730701696511686e-3,1.0412207698604563e-5,6.973294685743014e-6,1.5411130475373068e-5
union/10000/10/Map/,4.608837163102574e-3,4.6027052753859375e-3,4.619127450474432e-3,2.4050688256039707e-5,1.5364855051293228e-5,4.097377698447026e-5
union/10000/10/HashMap/,3.890649613625306e-3,3.887828581625261e-3,3.8940596998347406e-3,1.0426002664933175e-5,8.111274525519986e-6,1.423799306251182e-5
union/10000/100/ExprMap/,3.695262345931908e-2,3.6904381887405795e-2,3.702171389703398e-2,1.162369268520339e-4,8.861662723121218e-5,1.3987673869479065e-4
union/10000/100/Map/,4.832531192083471e-2,4.8197840468399415e-2,4.852783551009802e-2,3.0638834788350254e-4,1.9765251966154756e-4,4.924461509670926e-4
union/10000/100/HashMap/,4.0352334002139084e-2,4.025980315735586e-2,4.0451725410121014e-2,1.9336695274583152e-4,1.5049300372452606e-4,2.62412291686099e-4
union/10000/1000/ExprMap/,0.42653906624764204,0.426295351004228,0.4268337117973715,2.995508182893001e-4,1.2854411529384895e-4,4.15374890295847e-4
union/10000/1000/Map/,0.4980387174679587,0.49689869256690145,0.4998049708083272,1.6703751390908243e-3,1.5173606501330287e-4,2.1153617155442533e-3
union/10000/1000/HashMap/,0.49372265856557834,0.49285623462249833,0.49425941111985594,8.29450698963083e-4,2.836131801207953e-4,1.088831752053724e-3
union/10000/10000/ExprMap/,4.423733658855781,4.422943537821993,4.424462320748717,8.813191036103267e-4,7.44565691371993e-4,9.49418411645543e-4
union/10000/10000/Map/,4.61383230468103,4.607506635715254,4.619452502578497,6.639414954434194e-3,5.648414136407393e-3,7.367919829877303e-3
union/10000/10000/HashMap/,4.6137202857450275,4.610488123144023,4.615547282815291,3.125291926080601e-3,9.741782115820848e-4,4.21926900129978e-3
union_app1/10/ExprMap/,4.186539853447716e-6,4.184396145819308e-6,4.188425986373703e-6,7.246625976808428e-9,6.52254440864623e-9,8.069799148386566e-9
union_app1/10/Map/,8.108207279971705e-6,8.103944418965914e-6,8.112755125344674e-6,1.4880260288073988e-8,1.2265799318446827e-8,1.8968535709978043e-8
union_app1/10/HashMap/,4.748345483351836e-6,4.745624371486051e-6,4.751996244987485e-6,1.0185148884756348e-8,7.87536113287623e-9,1.4051446926764648e-8
union_app1/100/ExprMap/,1.8987391898703698e-4,1.8983014921495334e-4,1.899586663622725e-4,1.886946395792875e-7,1.0867409263052673e-7,3.631915272022222e-7
union_app1/100/Map/,4.547222875715814e-4,4.546381000403058e-4,4.547923402237929e-4,2.5593095531619334e-7,2.1123646801049329e-7,3.283117010782288e-7
union_app1/100/HashMap/,3.7674075995245017e-4,3.7131681994836605e-4,3.8234047405696616e-4,1.775261017084719e-5,1.526274743758382e-5,1.8749434266818922e-5
union_app1/1000/ExprMap/,2.3595981840691744e-2,2.3537235313043355e-2,2.3655026395159706e-2,1.3527869162863966e-4,1.0913042454608028e-4,1.7286173710281554e-4
union_app1/1000/Map/,0.10236910106228234,0.10227967004334419,0.10253535599958617,1.958976326112253e-4,1.2659402484188354e-4,2.8111728173891383e-4
union_app1/1000/HashMap/,0.12406767333630428,0.12395273518632166,0.12417385162829998,1.7181148459912473e-4,1.1701358217596871e-4,2.3755797046882423e-4
fold/10/ExprMap/,4.717674922567683e-7,4.714563948791449e-7,4.7207697559663875e-7,1.0752320595260475e-9,8.819176998880143e-10,1.301659329293597e-9
fold/10/Map/,1.733238718036991e-7,1.7321814740903376e-7,1.7348923217103469e-7,4.3054002346808937e-10,2.9097179651219195e-10,7.035804313438408e-10
fold/10/HashMap/,1.3946373154656962e-7,1.393861645473335e-7,1.395748696413386e-7,3.0666576647656955e-10,2.0448967525262603e-10,5.3912096304204e-10
fold/100/ExprMap/,6.010899361074011e-6,5.888759354517595e-6,6.122104243494619e-6,3.854551985806534e-7,3.4069500174222246e-7,4.3850337303201046e-7
fold/100/Map/,1.7989172235920711e-6,1.797805721166977e-6,1.8000408843322506e-6,3.687096743166268e-9,3.0031780535900496e-9,4.7049205162095505e-9
fold/100/HashMap/,1.975220942477369e-6,1.9743420027585294e-6,1.976537137348437e-6,3.573086942806162e-9,2.572854768787943e-9,4.9606187161933035e-9
fold/1000/ExprMap/,9.192920589202147e-5,9.111526994706588e-5,9.274656076990349e-5,2.832309319583859e-6,2.52807133826542e-6,3.1867907676712908e-6
fold/1000/Map/,2.7702614318954254e-5,2.7693880248483655e-5,2.7712518823993985e-5,3.0725552687399056e-8,2.394414783177333e-8,4.180485281395356e-8
fold/1000/HashMap/,3.270165011026513e-5,3.2683034178446543e-5,3.273146392416999e-5,7.859188771853945e-8,5.38751637324142e-8,1.0906973501181526e-7
